CALL_TIME,CALLING_NUMBER,CALLED_NUMBER,DURATION,DESTINATION NAME
11/01/2016 11:35,924232560170,923214751417,64,Pakistan-Warid-Mobile
11/01/2016 11:35,924232560170,923007237020,43,Pakistan-Mobilink-Mobile
11/01/2016 11:35,922137130231,923214404444,72,Pakistan-Warid-Mobile
11/01/2016 11:35,922137130231,923065364661,76,Pakistan-Mobilink-Mobile
11/01/2016 11:35,924232560605,923004009927,39,Pakistan-Mobilink-Mobile
11/01/2016 11:37,92415270400,923006640949,75,Pakistan-Mobilink-Mobile
11/01/2016 11:37,92517080170,923016794123,44,Pakistan-Mobilink-Mobile
11/01/2016 11:37,924232560670,923109266786,240,Pakistan-Zong-Mobile
11/01/2016 11:37,922137131501,923008420392,136,Pakistan-Mobilink-Mobile
